<?xml version="1.0" encoding='UTF-8'?>
<odoo>
    <record id="crew_holidays_cron" model="ir.cron">
        <field name="name">Compute holidays</field>
        <field name="interval_number">1</field>
        <field name="interval_type">days</field>
        <field name="numbercall">-1</field>
        <field name="doall" eval="False"/>
        <field name="model" eval="'hr.employee'"/>
        <field name="function" eval="'compute_vacation'"/>
        <field name="args" eval="'()'" />
    </record>
    <record id="crew_today_cron" model="ir.cron">
        <field name="name">Compute Today</field>
        <field name="interval_number">1</field>
        <field name="interval_type">days</field>
        <field name="numbercall">-1</field>
        <field name="doall" eval="False"/>
        <field name="model" eval="'crew.reassign'"/>
        <field name="function" eval="'compute_datetoday'"/>
        <field name="args" eval="'()'" />
    </record>
</odoo>