<?xml version="1.0" encoding="utf-8"?>
<odoo>
    <data>

        <!-- Sequences for customer codes -->

        <record id="seq_labor_req_001" model="ir.sequence">
            <field name="name">MOP</field>
            <field name="code">labor.mop.code</field>
            <field name="prefix">MOB</field>
            <field name="padding">3</field>
        </record>

        <record id="seq_labor_req_002" model="ir.sequence">
            <field name="name">DeMOP</field>
            <field name="code">labor.dmop.code</field>
            <field name="prefix">DMOB</field>
            <field name="padding">3</field>
        </record>



    </data>
</odoo>